not in,caps,uncommon
biblica,bible,bn
eisbn,god,trademarks
mellema,amanda,quotations
false,jenkins,italic
selfeverything,dallas,underline
encamps,douglas,eclipsed
selfdiscipline,huffman,exiles
true,inc,dispersion
liquifies,david,foreknowledge
praiseworthiness,lee,sanctification
equa,vance,sprinkling
foreknown,colorado,renouncing
decanus,co,penning
korazim,brighton,sanctify
dabber,sussex,sanctified
eternality,england,wasn
heavenbound,esv,toiled
ozem,english,couldn
gedera,crossway,crucified
zebediah,niv,nerds
hircanus,zondervan,forethought
onya,united,remarking
nympha,isbn,lambs
germophobes,michael,grieved
disinfects,covington,glorify
lifesustaining,stephanie,disciple
endtimes,bennett,vv
arn√°n,jack,paraphernalia
yussif,campbell,cannot
sadducee,susan,disown
snuffer,murdock,reaffirm
perfecter,brian,lamenting
jotapata,justin,rejoicing
qohelet,claypool,sufferings
ketuvim,james,imperishable
,hershberger,undefiled
,america,unfading
,peter,hurriedly
,jesus,clasping
,christ,humbling
,pontus,disobedient
,galatia,forerunner
,cappadocia,preparer
,asia,moniker
,bithynia,rescuing
,simon,doorframes
,christians,enslavement
,roman,baptizing
,nero,bridegroom
,aegean,forfeit
,mediterranean,hardwired
,phil,twentyfirst
,john,glorifies
,luke,swaths
,lord,exhortations
,rome,actualized
,capernaum,hyper
,andrew,unsatisfied
,matt,prophecies
,ext,mal
,elizabeth,parables
,mary,hearted
,ah,hos
,adonai,exaltation
,zechariah,scribes
,zech,rebuke
,israel,rebuked
,elijah,baptizer
,oh,forfeiture
,baptist,selfsacrifice
,isa,praiseworthy
,herald,aren
,jewish,ascetics
,passover,encircled
,hebrew,angelic
,egypt,stockpiled
,jews,awesomeness
,jordan,eclipses
,isaiah,redefines
,micah,isn
,sam,reborn
,ps,forsake
,jer,dismayed
,davidic,vindication
,bethlehem,rejoices
,galilee,hyphenated
,deut,psalms
,moses,hymns
,jerusalem,sorrows
,joel,instructs
,satan,dwells
,matthew,forevermore
,christian,exult
,rev,clothe
,deuteronomy,shackled
,psalm,betrays
,gentiles,polishes
,thessalonians,wouldn
,rom,clipboard
,sheol,murmuring
,herod,executioner
,judea,recitation
,antipas,inscrutable
,int,mumble
,wow,wiggling
,shiva,genuineness
,hmm,perishes
,levi,inexpressible
,malachi,dryness
,romans,sullen
,jeremiah,shambles
,timothy,drape
,titus,gamut
,philippians,unutilized
,laden,unappreciated
,amen,purify
,ephesians,transfiguration
,caesarea,cleverly
,philippi,eyewitnesses
,philip,congratulates
,judas,purified
,baal,handbasket
,greek,inasmuch
,nathanael,refines
,jonah,mined
,saul,alluvial
,batsheva,riverbeds
,highness,discernable
,jesse,impurities
,paul,impure
,cor,inextricably
,daniel,silt
,dan,refiner
,bc,contaminates
,thanksgiving,purged
,corinthians,unbelief
,hebrews,affliction
,trinity,crucible
,tel,proverbs
,dor,wholeness
,thomas,purifying
,ramah,purifier
,zee,oppressor
,tamar,fatherless
,magdalene,godliness
,barnaby,contentment
,shula,snare
,eden,pangs
,israelites,endangers
,jew,astray
,tarsus,surpassing
,cilicia,conformed
,pharisee,ascended
,gamaliel,surpasses
,christianity,abundantly
,damascus,multiples
,eph,culminate
,jairus,enormity
,bethany,defiantly
,heb,reread
,thess,upholds
,col,fulfills
,galatians,foreboding
,latin,fountainhead
,hey,abomination
,maccabees,unspeakable
,greeks,immorality
,yeah,gateways
,nope,sheepish
,lazarus,gonna
,aramaic,preaches
,judean,exhalations
,gen,unflinching
,hallel,idols
,pharisees,decaying
,shammai,redeemed
,sainte,prophesied
,baume,inquiring
,colossae,glories
,israelite,sackcloth
,lev,starves
,tim,tugging
,martha,nourishment
,shmuel,reverently
,zion,handmaidens
,cleopatra,anguished
,myrtle,wail
,nepal,deflates
,china,overtakes
,india,soberly
,pilate,resolute
,jacob,musically
,aaron,reigned
,zebedee,descendant
,sanhedrin,kingship
,nazareth,murderously
,torah,hymnbook
,ecclesiastes,laments
,texas,psalmist
,warner,shouldn
,lionsgate,deviate
,tv,disillusioned
,phd,bogged
,dean,relent
,talbot,wrenchingly
,biola,exalted
,university,unemotional
,california,unwavering
,dr,grieves
,,wonderings
,,forsaken
,,enthroned
,,fasted
,,implored
,,worshipped
,,brokenhearted
,,tribulation
,,overtaken
,,reproach
,,steadfast
,,unsearchable
,,commendable
,,radiance
,,purification
,,meditate
,,arduous
,,intercedes
,,groanings
,,glorifying
,,uncreated
,,analogies
,,yolk
,,interceding
,,bountifully
,,prays
,,expectant
,,comforted
,,obedient
,,forlorn
,,pained
,,manically
,,weakens
,,paralyzing
,,hunker
,,boldness
,,shamefully
,,flogging
,,oppressors
,,disordered
,,jumbled
,,thorns
,,conceited
,,persecutions
,,calamities
,,ailment
,,conduit
,,accomplishes
,,neediness
,,persecutor
,,beheaded
,,sufficiency
,,ebb
,,sporadically
,,conditionally
,,sparing
,,merciful
,,abounding
,,derailed
,,exhorting
,,incline
,,godly
,,gladden
,,convicts
,,unconditionally
,,erupting
,,resented
,,impartially
,,ransomed
,,forefathers
,,perishable
,,blemish
,,legionnaires
,,canteens
,,flasks
,,rations
,,legionnaire
,,plops
,,depositing
,,jeering
,,cringes
,,fuming
,,trappings
,,shoves
,,outsized
,,trudge
,,unsuitable
,,fruitless
,,adoration
,,nonsensical
,,souvenirs
,,commendation
,,recompense
,,impute
,,ascribe
,,imputed
,,headpiece
,,ful
,,boasting
,,conquers
,,persevere
,,persevering
,,singularly
,,wholeheartedly
,,stockpile
,,approves
,,tolerates
,,conforming
,,commence
,,spines
,,slaps
,,graciousness
,,cultivates
,,meek
,,peacemakers
,,revile
,,persecute
,,sneezes
,,throwback
,,quid
,,drawl
,,hacks
,,quos
,,happenings
,,affirming
,,proverb
,,lyre
,,iniquity
,,pomp
,,lull
,,wrenches
,,circumcisions
,,fume
,,enshrined
,,plods
,,unnerved
,,volition
,,shuffles
,,haltingly
,,sheepishly
,,stammering
,,mystified
,,brotherly
,,earnestly
,,withers
,,apothecary
,,herbaceous
,,nostril
,,overthrew
,,weren
,,multiplying
,,selects
,,vetiver
,,irreverent
,,preconceived
,,dub
,,doubting
,,disbelieve
,,pessimism
,,sacrificially
,,clarifying
,,heartache
,,disappointments
,,flourishes
,,vanishes
,,sufferer
,,memorialized
,,frailty
,,blot
,,eternally
,,abides
,,propitiation
,,withering
,,motivates
,,empowers
,,eases
,,heartbroken
,,balm
,,overcomes
,,commandment
,,burdensome
,,eclipsing
,,snares
,,encompassed
,,maidservant
,,loosed
,,sheepfold
,,earshot
,,scrutinizing
,,flees
,,snatches
,,scatters
,,perished
,,slander
,,folio
,,outlive
,,mercifully
,,relive
,,scribblings
,,mountainside
,,pried
,,softens
,,contaminate
,,symbolized
,,unclean
,,discharges
,,num
,,impurity
,,interchangeably
,,cleanse
,,awakens
,,derail
,,disinfecting
,,renounced
,,disgraceful
,,underhanded
,,tamper
,,commend
,,entrust
,,insurmountable
,,contaminations
,,entrusting
,,betraying
,,gratify
,,sensuality
,,idolatry
,,sorcery
,,enmity
,,rivalries
,,dissensions
,,drunkenness
,,orgies
,,faithfulness
,,gentleness
,,selfcontrol
,,renounce
,,deems
,,childlike
,,sisterly
,,reviling
,,twofold
,,professed
,,mercies
,,brokenness
,,hasten
,,delicacies
,,plows
,,defenseless
,,evildoers
,,arranges
,,moans
,,haunts
,,uncontrollable
,,sodden
,,linens
,,ponders
,,rustling
,,nightgown
,,countenance
,,unlocks
,,denarii
,,redressing
,,uninvited
,,gazes
,,sundial
,,tucks
,,snuffs
,,jigsaw
,,razorsharp
,,shard
,,mingled
,,envelops
,,outage
,,disobey
,,perfumer
,,myrrh
,,cassia
,,vial
,,feasting
,,honeysuckle
,,varietal
,,anoint
,,alabaster
,,spikenard
,,uncorks
,,gloved
,,plopping
,,purses
,,flummoxed
,,agape
,,lessening
,,sidestep
,,reviled
,,justly
,,straying
,,overseer
,,transgressions
,,iniquities
,,chastisement
,,flogged
,,arrayed
,,crucify
,,supplications
,,vindicated
,,prophesy
,,dimly
,,believ
,,ers
,,cious
,,paraphrased
,,accursed
,,foreheads
,,bestow
,,steadiness
,,writhe
,,fixate
,,qualms
,,leveling
,,erecting
,,welling
,,hinders
,,entangles
,,scorning
,,perfector
,,endures
,,festal
,,extol
,,reclines
,,neglectful
,,spooked
,,daggers
,,restores
,,uncomfortably
,,distilled
,,humbly
,,harmonize
,,distributes
,,feasts
,,teary
,,kneels
,,emptying
,,intensifies
,,commending
,,excusing
,,unraveling
,,nard
,,ointment
,,anointed
,,immodest
,,contradicts
,,lowly
,,reproached
,,compassionately
,,excellencies
,,heralds
,,unfailing
,,devotionals
,,multi
,,prohibitions
,,reinvents
,,roundtables
